{"cameraMode":{"drawMode":2,"name":"Shaded Wireframe","section":"Shading Mode"},"sceneLighting":false,"audioPlay":false,"sceneViewState":{"showFog":true,"showMaterialUpdate":false,"showSkybox":true,"showFlares":true,"showImageEffects":true,"showParticleSystems":true},"in2DMode":false,"pivot":{"x":9.47733211517334,"y":3.2179312705993654,"z":-5.761591911315918},"rotation":{"x":-0.17122603952884675,"y":0.6316498517990112,"z":-0.1457710564136505,"w":-0.7419320344924927},"size":1.0897247791290284,"orthographic":false}